{
  "POST" : {
    "transaction" : "POST",
    "sampleCount" : 250,
    "errorCount" : 4,
    "errorPct" : 1.6,
    "meanResTime" : 4442.999999999999,
    "medianResTime" : 2201.5,
    "minResTime" : 225.0,
    "maxResTime" : 27132.0,
    "pct1ResTime" : 11209.6,
    "pct2ResTime" : 16230.05,
    "pct3ResTime" : 21936.100000000017,
    "throughput" : 4.484465810432661,
    "receivedKBytesPerSec" : 44.82997848577528,
    "sentKBytesPerSec" : 7.002598467658033
  },
  "Total" : {
    "transaction" : "Total",
    "sampleCount" : 1000,
    "errorCount" : 33,
    "errorPct" : 3.3,
    "meanResTime" : 4613.028,
    "medianResTime" : 2158.5,
    "minResTime" : 75.0,
    "maxResTime" : 43191.0,
    "pct1ResTime" : 12241.199999999999,
    "pct2ResTime" : 19847.999999999996,
    "pct3ResTime" : 30555.120000000003,
    "throughput" : 17.337332478024933,
    "receivedKBytesPerSec" : 74.11526779677179,
    "sentKBytesPerSec" : 26.61339793837445
  },
  "USER" : {
    "transaction" : "USER",
    "sampleCount" : 250,
    "errorCount" : 29,
    "errorPct" : 11.6,
    "meanResTime" : 10198.396,
    "medianResTime" : 5798.0,
    "minResTime" : 763.0,
    "maxResTime" : 43191.0,
    "pct1ResTime" : 21028.4,
    "pct2ResTime" : 29978.35,
    "pct3ResTime" : 40941.200000000026,
    "throughput" : 5.779812271697415,
    "receivedKBytesPerSec" : 19.64978130635317,
    "sentKBytesPerSec" : 8.108105789348963
  },
  "REACT" : {
    "transaction" : "REACT",
    "sampleCount" : 250,
    "errorCount" : 0,
    "errorPct" : 0.0,
    "meanResTime" : 2030.3039999999994,
    "medianResTime" : 1197.0,
    "minResTime" : 191.0,
    "maxResTime" : 16469.0,
    "pct1ResTime" : 4145.8,
    "pct2ResTime" : 6798.199999999999,
    "pct3ResTime" : 11012.050000000016,
    "throughput" : 4.759547652591098,
    "receivedKBytesPerSec" : 3.825300505939915,
    "sentKBytesPerSec" : 7.548345105281194
  },
  "COMMENT" : {
    "transaction" : "COMMENT",
    "sampleCount" : 250,
    "errorCount" : 0,
    "errorPct" : 0.0,
    "meanResTime" : 1780.412,
    "medianResTime" : 1283.5,
    "minResTime" : 75.0,
    "maxResTime" : 15507.0,
    "pct1ResTime" : 3855.2000000000003,
    "pct2ResTime" : 5333.899999999999,
    "pct3ResTime" : 11656.410000000009,
    "throughput" : 4.6569677551552635,
    "receivedKBytesPerSec" : 13.502477797906227,
    "sentKBytesPerSec" : 7.4038510794851256
  }
}